Alexandre Abraham <abraham.alexandre@gmail.com> <alexandre.abraham@cea.fr>
Alexandre Abraham <abraham.alexandre@gmail.com> <aabraham@is148601.intra.cea.fr>
Alexandre Gramfort <alexandre.gramfort@inria.fr> <alexandre.gramfort@m4x.org>
Alexandre Savio <alexsavio@gmail.com>
Ben Cipollini <bcipolli@ucsd.edu>
Bertrand Thirion <bertrand.thirion@inria.fr>
Chris Filo Gorgolewski <chris.gorgolewski@gmail.com>
Danilo Bzdok <danilobzdok@gmail.com>
Elvis Dohmatob <elvis.dohmatob@inria.fr>
Fabian Pedregosa <f@bianp.net>
Fabian Pedregosa <fabian.pedregosa@inria.fr>
Fabian Pedregosa <fabian@fseoane.net>
Gael Varoquaux <gael.varoquaux@normalesup.org> <gvaroqua@drago.saclay.inria.fr>
GaelVaroquaux <gael.varoquaux@normalesup.org>
Gael Varoquaux <gael.varoquaux@normalesup.org>
Jan Margeta <jmargeta@gmail.com >
Jaques Grobler <jaquesgrobler@gmail.com>
Jason Gors <jason.gors.work@gmail.com>
Jean Kossaifi <jean.kossaifi@gmail.com>
Jean Kossaifi <kossaifi@is208616.intra.cea.fr>
Konstantin Shmelkov <konstantin.shmelkov@polytechnique.edu>
Loïc Estève <loic.esteve@ymail.com>
Matthias Ekman <matthias.ekman@gmail.com>
Mehdi Rahim <mehdi.rahim@cea.fr> <mrahim@users.noreply.github.com>
Mehdi Rahim <mehdi.rahim@cea.fr> <rahim.mehdi@gmail.com>
Michael Eickenberg <michael.eickenberg@gmail.com>
Michael Waskom <mwaskom@stanford.edu>
Philippe Gervais <philippe.gervais@inria.fr> <philippe.n.gervais@free.fr>
Ronald Phlypo <Ronald.Phlypo@inria.fr>
Salma Bougacha <salma@is223297.intra.cea.fr>
Vincent Michel <vm.michel@gmail.com>
Virgile Fritsch <virgile.fritsch@gmail.com>
Yannick Schwartz <yannick.schwartz@cea.fr> <ys218403@is220245.(none)>
schwarty <yannick.schwartz@cea.fr>
Yannick Schwartz <yannick.schwartz@cea.fr>
Óscar Nájera <najera.oscar@gmail.com>
Kamalakar Daddy <dkamalakarreddy@gmail.com>
Fabian Pedregosa <fabian.pedregosa@inria.fr> <fabian@fseoane.net>
Fabian Pedregosa <fabian.pedregosa@inria.fr> <f@bianp.net>
